video_id,title,upload_date,has_transcript,reference_count,processed_at
K4gYHs84BIc,“A Top Government Official Told Me Aliens Run Everything!” -Dylan Borland UNLEASHED,2026-08-05,true,20,2026-08-06T00:36:52.356807+00:00
uYyXpx7ADJQ,"""There's A UFO Under the Ranch!"" - Skinwalker Owner Breaks Silence",2026-07-26,true,27,2026-08-06T00:36:52.357808+00:00
uVVqFg2v7ro,NASA’s Biggest Secret Just Got Exposed (The Truth About The Moon),2026-07-20,true,46,2026-08-06T00:36:52.357808+00:00
ZTIO-xAP0Dw,Eric Weinstein Reveals UFO Physics! (Exclusive Interview),2021-10-04,true,2,2026-08-06T00:36:52.357808+00:00
I9VyyV4-3Js,"""Jesus Was In A Secret Occult Group!"" -Top Researcher Brian Muraresku",2021-10-13,true,6,2026-08-06T00:36:52.359205+00:00
eQIMantuasQ,Why The CIA Ran A Psychic Spy Program,2021-11-11,true,7,2026-08-06T00:36:52.359205+00:00
aku3ufVb-AQ,The “Clock” That Can Predict Death,2021-11-29,true,4,2026-08-06T00:36:52.359205+00:00
5Ne8ZbYxjKs,Why American Sperm Count Dropped 41% in 50 years,2021-12-01,true,9,2026-08-06T00:36:52.359205+00:00
dzTZbSNsKV8,“These Are Parts Of an Alien UFO!” -Stanford Scientist Garry Nolan,2021-12-10,true,3,2026-08-06T00:36:52.360205+00:00
fZDlqneYEYY,How This Investor Helped After a Nuclear Disaster,2021-12-14,true,4,2026-08-06T00:36:52.360205+00:00
_CBtd8Om-hU,Wim Hof Says His Immune System Can Handle ANYTHING,2021-12-21,true,5,2026-08-06T00:36:52.360205+00:00
fJ6xNDu8MPU,How to Find your Calling | Robert Greene & Ryan Holiday,2022-01-06,true,13,2026-08-06T00:36:52.360205+00:00
qAou_h1POWs,The 26 Year Old Prodigy Reverse Engineering UFOs (Ft. Deep Prasad),2022-01-19,true,4,2026-08-06T00:36:52.360205+00:00
OB8CsDl9_XU,Jake Paul Reflects on Whole Career,,true,0,2026-08-06T00:36:52.361304+00:00
4U3JaHp2B5Y,Tinder Founder Shares Priceless Investing Secrets,,true,0,2026-08-06T00:36:52.361304+00:00
ImC4BcCObM8,“I Saw a Triangle Shaped UFO At a NASA Hangar!” Dylan Borland Tells All,,false,0,2026-08-06T00:36:52.361304+00:00
Feo3OIdCL5o,Skinwalker Ranch Owner Reveals “Time Portal” On the Property,,false,0,2026-08-06T00:36:52.361304+00:00
RROhyVQ-QJk,The Mysterious Origins of Lyme Disease,2021-10-21,false,0,2026-08-06T00:38:00.253635+00:00
HUGNqAyBUDw,Why the Soylent Founder Moved to a Goat Farm,2021-10-29,false,0,2026-08-06T00:38:03.020965+00:00
_bM9eAtCOGw,Harvard is Studying UFOs (Ft. Avi Loeb),2022-01-28,true,9,2026-08-07T15:22:35.666130+00:00
iQOibpIDx-4,Eric Weinstein Debates CIA UFO Expert Hal Puthoff,2022-02-11,true,13,2026-08-07T15:24:16.538350+00:00
9LGohiMmlu4,Mushrooms Are Alien Mind Control Capsules (ft. Tero Isokauppila),2022-02-18,false,0,2026-08-07T15:24:25.659709+00:00
tOPF8uCYZr0,Did the CIA Brainwash Charles Manson?,2022-02-25,true,6,2026-08-07T15:34:28.654452+00:00
DRVaf3M4FHw,"Tyler Cowen: Satoshi Identity, UFOs, Esoteric Jesus",2022-03-02,false,0,2026-08-07T15:34:32.640314+00:00
BRvYPmVsx0k,Garrett McNamara on How He Surfed the 100 Ft Wave,2022-03-22,false,0,2026-08-07T15:34:38.526914+00:00
KhmUixSXxDo,Alex Jones Getting Drunk & Painting Rocks [INTERVIEW],2022-04-11,true,8,2026-08-07T15:35:13.056968+00:00
7W7iOt57fOo,I Searched for UFOs on Skinwalker Ranch…,2022-08-10,true,3,2026-08-07T15:40:27.159105+00:00
2Mb6NPPjCyg,"Martin Shkreli on Life in Prison, Pharma, UFO’s",2022-09-02,true,14,2026-08-07T15:41:09.881984+00:00
RNjC1vLcxKo,“Artificial Intelligence Is An Alien Life Form” -Google Whistleblower (Blake Lemoine),2022-09-09,true,9,2026-08-07T15:41:34.300891+00:00
jyTKETcxj0M,UFOs & Nukes: The Bizarre Truth Ft. RedPandaKoala,2022-10-18,false,0,2026-08-07T15:41:39.182853+00:00
fyX8V1XXmQM,He's Seen More UFO Evidence Than Anyone Alive (Ft. Jacques Vallee),2022-11-22,true,11,2026-08-07T15:42:21.768392+00:00
dfPfPB601hw,"Graham Hancock: Aliens, Atlantis & the Apocalypse",2022-12-22,true,20,2026-08-07T15:42:48.052898+00:00
kRO5jOa06Qw,"If You Still Think UFOs Are Fake, Watch This (David Grusch Interview)",2023-09-11,true,37,2026-08-07T15:43:58.520678+00:00
Y26iMB0r-f8,"""Aliens Are Humans From The Future!"" (Ft. Mike Masters & David Grusch)",2023-11-11,true,14,2026-08-07T15:44:23.331251+00:00
TH10mD9hQas,How I Know David Grusch Is Not Lying…,2023-11-19,true,12,2026-08-07T15:44:43.981941+00:00
tS_64sTN5AU,UFOs & Religion: Vatican Reveals Hidden Link (Ft. Diana Pasulka),2023-12-11,true,24,2026-08-07T15:45:49.388980+00:00
RTEWLSTyUic,The CIA Scientist Who Built UFOs Before Bob Lazar (Townsend Brown Documentary) ,2024-02-22,true,42,2026-08-07T15:57:38.599611+00:00
AVJEXCTAJUc,Why Jonah Hill Made A Documentary About My Family,2024-03-21,true,13,2026-08-07T15:58:06.289113+00:00
2SQXAPCdmPE,The Man Involved In Every American Conspiracy,2024-08-22,true,34,2026-08-07T15:59:00.680680+00:00
wT5-hXWIkzM,Meet The Scientist BANNED By TED Talks (ft. Rupert Sheldrake) ,2024-09-11,true,16,2026-08-07T15:59:26.931868+00:00
G7Ns4Aq1tVc,“We Have Antigravity UFOs!” (ft. Nick Cook),2024-09-17,true,23,2026-08-07T16:00:08.003434+00:00
1f16VvXaSSE,“Multiple Alien Groups May Be Visiting Earth!” (Lue Elizondo Documentary),2024-10-10,true,21,2026-08-07T16:02:27.548724+00:00
5udx_SDdL3Y,Did Oppenheimer Work on UFOs?,2024-10-19,true,20,2026-08-07T16:03:12.387129+00:00
9PJJiut0Iuw,Graham Hancock: The Great Pyramid Is a “Stargate” for Consciousness!,2024-10-26,true,15,2026-08-07T16:03:56.006391+00:00
A_LsUSxTm7A,"Something Big Happened In 12,000 BC...",2024-11-09,true,30,2026-08-07T16:04:37.865869+00:00
RofQnByLwOo,Your Brain Is A Quantum Time Machine (ft. Eric Wargo),2024-11-13,true,9,2026-08-07T16:04:58.217766+00:00
DPmO-2E7Ayg,Breaking UFO Story: ‘Immaculate Constellation’ UFO Program (Ft. Michael Shellenberger),2024-11-14,true,12,2026-08-07T16:05:22.090437+00:00
LpLFWdsIU7M,UFO Physics & Disclosure Under Trump (ft. Matthew Pines),2024-11-15,true,27,2026-08-07T16:07:24.463082+00:00
aKZ_MUbuk_Q,MIT Scientist: We Live In a Hologram (And Here's The Proof!),2024-11-22,true,18,2026-08-07T16:08:09.431019+00:00
hXYdkcv5TtY,"UFOs, Synchronicities & Prophetic Dreams (Ft. Eric Wargo)",2024-11-30,true,24,2026-08-07T16:09:23.771684+00:00
75Je_0hZovQ,The CIA’s Mind Control Program (Ft. Tom O’Neill),2024-12-03,true,10,2026-08-07T16:10:33.634669+00:00
6WC4o2yY9Ws,US Fighter Pilots Witness UFO (ft. Ryan Graves),2024-12-06,true,12,2026-08-07T16:11:15.638911+00:00
LnAiNChnuEQ,Eric Davis: “A US President Was Briefed on UFOs!” ,2024-12-12,true,11,2026-08-07T16:11:41.536400+00:00
2Xxmguz0GEQ,"CIA Contractor: ""Obama Received An Alien Prophecy""",2024-12-14,true,21,2026-08-07T16:12:34.310222+00:00
aa9Xx5wI8Rw,The Biblical Truth of UFOs & Angels (Ft. Karl Nell & Diana Pasulka),2024-12-19,true,16,2026-08-07T16:13:20.862842+00:00
fzvwBBSmWYA,UFOs Are Monitoring Nuclear Bases Globally (Ft. Robert Hastings),2024-12-24,true,37,2026-08-07T16:14:20.340933+00:00
0qlppHc3-gg,"""These Children Can Read Your Mind!” (ft. Ky Dickens | Telepathy Tapes Documentary)",2025-01-07,true,14,2026-08-07T16:14:50.844527+00:00
Sct30Qijfv8,“I Saw Alien Technology At A Military Base!” (Ft. Randy Anderson),2025-01-13,true,7,2026-08-07T16:15:11.864968+00:00
73YBwFvcmF8,Nuclear Guard Speaks Out About UFO Abduction,2025-01-16,true,4,2026-08-07T16:15:29.965166+00:00
8TYMQOUDQBo,Meet the Navy Scientist With UFO Patents (Ft. Salvatore Pais),2025-01-24,true,25,2026-08-07T16:16:34.819036+00:00
1iaH1a3A4Lk,UFO Skeptic Mick West Challenged To A Debate,2025-01-26,true,36,2026-08-07T16:17:31.613725+00:00
dnnpyNuPdXs,"""I Retrieved a UFO With My Helicopter!"" -Jake Barber",2025-01-30,true,25,2026-08-07T16:18:47.936967+00:00
ABOP8ZJsyIk,"""Aliens Live Among Us...I've Met Them!"" -Whitley Strieber Tells All",2025-02-07,true,23,2026-08-07T16:20:11.999000+00:00
5OUzGygIrSw,“Aliens Taught Me Advanced Physics!” (Ft. Dave Rossi),2025-02-13,true,18,2026-08-07T16:20:45.471336+00:00
9QMrhcpJq8I,"The Age of Psionics: UFOs, Mind Control, & Global Power Structures (Ft. Matthew Pines)",2025-02-16,true,23,2026-08-07T16:21:49.769542+00:00
bVhSPH2A5Vw,The Most Important UFO Investigator On The Planet (ft. James Fox),2024-09-28,true,35,2026-08-07T16:35:31.746723+00:00
nTiFs8LudUo,UAPGerb: “The New Area51 Is HERE in Utah!”,2025-02-21,true,44,2026-08-07T16:36:47.430063+00:00
lbGE3EC6StE,Meet the Astronomer Tracking UFOs,2025-02-25,true,16,2026-08-07T16:37:15.016512+00:00
JpLThEF2dTM,“Mars Had Alien Life!” (Ft. Joe McMoneagle),2025-03-01,true,27,2026-08-07T16:38:21.314547+00:00
yAvD5UTziTo,Meet The DARPA Scientist Abducted By an Alien ,2025-03-07,true,23,2026-08-07T16:39:10.023392+00:00
p0S0BfoZy0w,Life on Mars Destroyed by Nuclear War! (Ft. Dr. John Brandenburg),2025-03-13,true,17,2026-08-07T16:39:38.000934+00:00
h3u8EkGI8OQ,"""Aliens Are Accelerating Human Evolution!"" (Ft. Chris Ramsay)",2025-03-22,true,14,2026-08-07T16:40:50.909622+00:00
D2tKCFmJjks,“I Saw A 300ft UFO In The Indonesian Jungle” (Ft. Michael Herrera & UAPGerb),2025-03-26,true,12,2026-08-07T16:46:17.281876+00:00
KGD1nuM4MR8,"“Tesla's Technology is Still Classified!"" (Ft. Senate Staffer Kirk McConnell)",2025-04-02,true,18,2026-08-07T16:47:27.544908+00:00
areO7Mej44E,“UFO Secrets Are Held By A Global Cabal” (Ft. Steven Greer),2025-04-10,true,29,2026-08-07T16:48:50.724384+00:00
Jpf0ZGY87c0,Did Henry Kissinger Oversee A UFO Crash Retrieval Program?,2025-04-17,true,25,2026-08-07T16:49:48.910813+00:00
09KP8XVf5nY,Presidential Advisor: “I Directly Handled UFO Material” (Ft. Harald Malmgren),2025-04-22,true,31,2026-08-07T16:50:38.596091+00:00
KRDE1i3LDuU,Plato’s Cave & UFOs: Consciousness Is Key (ft. James Madden),2025-04-28,true,28,2026-08-07T16:51:33.268038+00:00
92XrddiKjHY,"""The Pyramids Are NOT What We Think!"" (Ft. Luke Caverns)",2025-05-01,true,27,2026-08-07T16:52:28.517791+00:00
JGE1NIGhBzw,The Moon Is An Alien Spaceship (Ft. Randall Carlson),2025-05-16,true,15,2026-08-07T16:52:57.273081+00:00
y_8IKKcTntQ,Meet The Startup Summoning UFOs: Skywatcher Interview,2025-05-22,true,4,2026-08-07T16:53:14.277212+00:00
C4rSj5Aum7w,UFOs & JFK: He Knew Too Much! (Ft. Danny Sheehan),2025-05-31,true,24,2026-08-07T16:54:07.479818+00:00
SZBI85yvV5A,My Joe Rogan Appearance: What I Learned (ft. Young Jamie & Viktor Hovland),2025-06-04,true,4,2026-08-07T16:54:26.915432+00:00
h0hAit-KH9A,The Wall Street Journal Is Lying About UFOs,2025-06-13,true,14,2026-08-07T16:55:06.295919+00:00
V00WcEiKRAY,"""I Located A UFO Base In Arizona!"" -Ross Coulthart",2025-06-21,true,22,2026-08-07T16:56:14.732228+00:00
GQlWf54K_7Y,The Defense Secretary Killed Over UFOs (Ft. Richard Dolan),2025-06-28,true,31,2026-08-07T16:57:01.650677+00:00
WBTqsbwJyqU,“Aliens” Drove This Man Insane! (Ft. Greg Bishop),2025-07-05,true,22,2026-08-07T16:57:43.447388+00:00
-0g3lLGxNfc,“This UFO Shut Down 10 Nukes!” - Air Force Officer Robert Salas,2025-07-12,true,34,2026-08-07T16:58:33.696771+00:00
51N8OxqZIWY,Jeffrey Epstein & Aliens: The Global Satanic Cabal (ft. Jay Anderson & Kurt Metzger),2025-07-17,true,36,2026-08-07T16:59:47.250173+00:00
PGIN6ppSYhU,Take DMT Like This And Aliens Will Show Up (Ft. Andrew Gallimore) | EARLY RELEASE & AD FREE,,false,0,2026-08-07T16:59:52.731826+00:00
8XD1ZiuhXoY,“DMT Opens The Alien Realm!” - Neuroscientist Andrew Gallimore,2025-07-24,true,21,2026-08-07T17:00:24.926393+00:00
ZFcmpVC3JgU,Legendary Hip Hop Producer Reveals UFO Obsession (Ft. Flying Lotus) | EARLY RELEASE & AD FREE,,false,0,2026-08-07T17:00:33.898972+00:00
JE1oM89dpBc,Legendary Hip Hop Artist Reveals UFO Obsession (Ft. Flying Lotus),2025-07-31,true,11,2026-08-07T17:01:16.913724+00:00
snLlWFZJbSo,Alien Mummies Found In Peru (DNA Test REVEALED!) | Exclusive Documentary | EARLY RELEASE & AD FREE,,false,0,2026-08-07T17:01:20.947763+00:00
HxQN2tkQHs8,Peru’s Three Fingered “Aliens” (WTF Are These?!),2025-08-12,true,15,2026-08-07T17:01:49.870440+00:00
v0XRmMwZmGk,NASA Director: “I Saw A UFO Hovering In THIS Secret Hangar” (Ft. Greg Rogers) | EARLY & AD FREE,,false,0,2026-08-07T17:05:58.860200+00:00
TNtlzEnl8rA,NASA Doctor: “I Saw This UFO In A Secret Hangar!” (Ft. Greg Rogers),2025-08-31,true,14,2026-08-07T17:06:45.428075+00:00
QgxjtDS2sIQ,"“I Spent 3 Years With Tall White Aliens At Area 51"" -UFO Whistleblower Charles Hall",2025-09-11,true,15,2026-08-07T17:07:24.381756+00:00
6o8x0_U7JqA,"NASA’s Dark Secrets: UFOs, Pagan Rituals & Time Travel | EARLY & AD FREE",,false,0,2026-08-07T17:07:28.637893+00:00
zjpvfDFc4fg,"NASA & UFOs: Pagan Rituals, Secret Science & Time Travel",2025-09-20,true,16,2026-08-07T17:08:07.985408+00:00
_QpQ9tYUGpY,"""Aliens Invented Religion To Control Humanity!"" -Top Philosopher Jason Jorjani  | EARLY & AD FREE",,false,0,2026-08-07T17:08:13.008125+00:00
EzPmG_7WhXc,“Aliens Invented Religion To Control Humanity!” -Top Philosopher Jason Jorjani,2025-09-27,true,45,2026-08-07T17:09:42.792212+00:00
9UgoPR0AQTY,"UFOs, Human Experiments & Rockefeller's Dystopian Health System (ft. Brigham Buhler)",,false,0,2026-08-07T17:09:46.241894+00:00
q7Czo77qhHA,UFOs & Human Experiments: Big Pharma's Horrific Past... (ft. Brigham Buhler),2025-10-08,true,23,2026-08-07T17:10:25.869958+00:00
Rfmy5oW_r9c,“The NSA Hired Me To Speak To Aliens!” -Sergeant Dan Sherman,2025-10-17,true,17,2026-08-07T17:10:59.362911+00:00
y2uoFRG8PV0,"“I Found 100,000 UFOs Above Earth!” -Top Astronomer Beatriz Villarroel | EARLY & AD FREE",,false,0,2026-08-07T17:11:03.275235+00:00
1zRWi_r3HRM,"""100,000 UFOs Are Surrounding Earth!"" ft. Top Astronomer Beatriz Villarroel",2025-10-25,true,14,2026-08-07T17:11:27.528178+00:00
9cPi6oek6zc,Nazis & UFOs: The Third Reich’s Obsession With Alien Technology (ft. Jason Jorjani),,false,0,2026-08-07T17:11:32.551277+00:00
ABw7EsWh2Us,“I Found Hitler’s Secret UFO Program!” -Jason Jorjani,2025-11-01,true,58,2026-08-07T17:13:29.454784+00:00
YU9MA8AiUXg,“We Found A UFO At The Bottom Of The Baltic Sea!” -Treasure Hunter Dennis Asberg (Early Release),,false,0,2026-08-07T17:13:33.679798+00:00
aGqFOxuYRT0,“There's A UFO On The Seafloor!” -Treasure Hunter Dennis Asberg,2025-11-15,true,2,2026-08-07T17:13:44.870917+00:00
N6Cu-d75yAM,CIA Historian: “Aliens Are Controlling Human Timelines!” (ft. Peter Levenda) | EARLY RELEASE,,false,0,2026-08-07T17:14:06.790331+00:00
Y7PLeu5rTv4,CIA Historian: “Aliens Are Controlling Human Timelines!” (ft. Peter Levenda),2025-11-22,true,31,2026-08-07T17:14:52.013968+00:00
C_Na1tI5qpw,Joe Rogan: The Truth About Aliens (He Finally Says It),2025-11-30,true,33,2026-08-07T17:15:37.550518+00:00
NQnE8Y1eB8Q,The Scientist That Scanned Beneath The Pyramids [Exclusive Interview] | MEMBERS EARLY RELEASE,,false,0,2026-08-07T17:15:41.429017+00:00
zrmG2jBckgk,Meet the Scientist Who Scanned Beneath the Pyramids,2025-12-07,true,10,2026-08-07T17:16:28.757385+00:00
cAV6VuwIWJw,"President of Russian Republic: ""I Was Taken By Aliens While I Was President!"" | MEMBERS RELEASE",,false,0,2026-08-07T17:16:32.467044+00:00
IFaXi-NrPV0,“I Was Taken By Aliens In 1997!” -President of Russian Republic,2025-12-14,true,15,2026-08-07T17:17:03.526002+00:00
335V-grwi8c,It’s Probably Nothing - LIVE Tour 2026,2025-12-17,true,0,2026-08-07T17:17:12.121480+00:00
hBrfe4hFuM0,Army Captures Live Alien (Hospital Report Revealed!),2025-12-21,true,30,2026-08-07T17:18:02.135779+00:00
yT7tdLJWW_A,Why NASA Studies This Man (He Attracts UFOs!) | MEMBERS EARLY RELEASE,,false,0,2026-08-07T17:18:06.753368+00:00
bM18PJY6_Zc,Why NASA Studies This Man (He Attracts UFOs!),2026-01-06,true,18,2026-08-07T17:18:59.831695+00:00
zMOQ8n6WvL8,The Hidden UFO Program Is Real - Here’s How It Works! (ft. UAPGerb) | MEMBERS EARLY RELEASE,,false,0,2026-08-07T17:19:05.558962+00:00
u7g5Sn1DJF4,The Pentagon’s UFO Program Is Real [Here’s How It Works!] ft. UAPGerb,2026-01-11,true,52,2026-08-07T17:20:22.342339+00:00
Vv9j_pisPrA,“These Astronauts Saw A UFO On Their Moon Mission!” -NASA Physicist | MEMBERS EARLY RELEASE,,false,0,2026-08-07T17:20:27.407840+00:00
IWui5cBkwoE,NASA Whistleblower: “We Systematically Suppress UFO Data!”,2026-01-18,true,25,2026-08-07T17:26:37.712298+00:00
UkKwa4jU0fc,“My Hospital Operated On An Alien!” -Top Surgeon [Exclusive Interview],2026-01-31,true,4,2026-08-07T17:27:08.328482+00:00
tXnjcC_AHy4,"""I Was Taken By Aliens At a Nuclear Base!"" -Air Force Veteran | MEMBERS RELEASE",,false,0,2026-08-07T17:27:12.262866+00:00
Qe8br8yYEDM,Meet the Nuclear Missile Guard Abducted by Aliens,2026-02-09,true,15,2026-08-07T17:27:47.193966+00:00
1bS0tdT8edA,CIA Chief Breaks Silence on His Secret Abilities | MEMBERS RELEASE,,false,0,2026-08-07T17:27:53.378765+00:00
ATJwqp5twAg,CIA Chief: “I’m a Time Traveler!” ,2026-02-14,true,24,2026-08-07T17:28:41.149651+00:00
ERiwHz_Gw3Q,“A UFO is Under This Lake in Sweden!” -Top Investigator | MEMBERS RELEASE,,false,0,2026-08-07T17:29:01.826561+00:00
Rjr3Yq-dMUE,The Man Sitting On More UFO Evidence Than Anyone Alive,2026-02-21,true,24,2026-08-07T17:30:10.359767+00:00
2ttdlCa5ZCI,The Hacker That Found NASA’s Secret Space Fleet [Gary McKinnon Interview],2026-03-01,true,26,2026-08-07T17:30:53.537665+00:00
wuJncM8HhRQ,Eric Weinstein Confronts Government Scientist on UFOs | MEMBERS RELEASE,,false,0,2026-08-07T17:30:57.669528+00:00
xnxasfyHtfo,Eric Weinstein Demands UFO Secrets From Pentagon Scientist,2026-03-08,true,38,2026-08-07T17:32:27.351346+00:00
mWkkMFOkKcY,BREAKING: New Scans Show Massive Structures Under the Pyramids | MEMBERS RELEASE,,false,0,2026-08-07T17:32:31.193173+00:00
NvQXmtcwHA8,BREAKING: Massive Energy Grid Found Beneath Pyramids of Egypt,2026-03-15,true,10,2026-08-07T17:32:56.121856+00:00
3IiFksZBCIE,The Scientist Who Found Alien Implants in Humans | MEMBERS RELEASE,,false,0,2026-08-07T17:32:59.727609+00:00
iPxbILOMQ08,Meet The Scientist Who Studies Alien Implants in Human Bodies,2026-03-22,true,14,2026-08-07T17:33:28.040646+00:00
hEXIn-tAyMQ,How the CIA Creates Mind Controlled Assassins | MEMBERS RELEASE,,false,0,2026-08-07T17:33:33.491422+00:00
UrHLTFvdEZk,Exposing the CIA's Darkest Mind Control Secrets,2026-03-26,true,32,2026-08-07T17:34:17.416350+00:00
mOWwdIuyaQA,"NASA Chief: ""We Just Built Antigravity Propulsion!”",2026-03-30,true,11,2026-08-07T17:34:41.807300+00:00
uwMg8Usq0Ko,“The Air Force Captured a 12 Foot Giant in Afghanistan!” -Tim Alberino | MEMBERS RELEASE,,false,0,2026-08-07T17:35:24.856662+00:00
CiQTBOQ1dTg,“We Captured a 12 Foot Giant in Afghanistan!” -Tim Alberino,2026-04-05,true,48,2026-08-07T17:36:24.067606+00:00
d9tdJ2SkBKQ,A Weekend With Bob Lazar: Inside Area51's UFOs,2026-04-13,true,21,2026-08-07T17:37:04.721705+00:00
VfBEWIeXbgg,Bob Lazar Deleted Footage | MEMBERS ONLY,,false,0,2026-08-07T17:37:10.236307+00:00
AUn8ujRM4RY,The UFO Program’s Lead General Just Disappeared [Here’s Why...] | MEMBERS RELEASE,,false,0,2026-08-07T17:37:14.159394+00:00
wlsQIbpEKSM,Why America’s Top Scientists Are Going Missing,2026-04-21,true,24,2026-08-07T17:38:14.821884+00:00
UU8xslPsidw,"NSA Director: ""UFOs Might Be an Advanced Civilization Pre-Ice Age!"" | MEMBERS RELEASE",,false,0,2026-08-07T17:43:28.663540+00:00
jMCavr3dVP0,Former NSA Director Breaks Silence on UFOs,2026-04-26,true,25,2026-08-07T17:45:07.477928+00:00
hPNbEpdJONc,This CIA Scientist Channeled Aliens with a Special Radio | MEMBERS RELEASE,,false,0,2026-08-07T17:45:12.564052+00:00
2-GeTxXi670,The CIA Scientist That Contacted an Alien Council,2026-05-01,true,43,2026-08-07T18:18:06.928223+00:00
OCZSKkvmLh4,“An 80 Foot UFO Abducted Us On a Lake!” -Jim Weiner & Charlie Foltz | MEMBERS RELEASE,,false,0,2026-08-07T18:18:12.357005+00:00
QkuDvTFN7ms,The Bizarre Alien Abduction Details The Government Will Never Disclose,2026-05-10,true,12,2026-08-07T18:18:36.451596+00:00
OOr98r51Sj0,Why The Pentagon Tried To Censor This UFO Book,2026-05-21,true,22,2026-08-07T18:19:37.864719+00:00
C9OwvGgrHrA,“I Saw a Mantis Alien In a Government Facility!” -Lyn Buchanan | EARLY RELEASE,,false,0,2026-08-07T18:19:43.803866+00:00
1sxmSMzqnmA,“I Operated a UFO… It’s Not What You Think” -Army Sergeant Lyn Buchanan,2026-05-28,true,12,2026-08-07T18:20:10.048041+00:00
6bqaHVSlVeU,MIT Scientist: “Your Brain Evolved To Ignore Aliens – They’re Everywhere!”,2026-06-02,true,10,2026-08-07T18:20:32.660328+00:00
VNaYK1eUHTg,Jeremy Corbell: “He Reverse Engineered UFOs and Died Before Going Public!” | EARLY RELEASE,,false,0,2026-08-07T18:20:37.495554+00:00
-XdvIrexF08,“If You Knew What I Knew!” -Jeremy Corbell UNLEASHES On Jesse Michels,2026-06-07,true,21,2026-08-07T18:21:44.220316+00:00
nqLnEVcZ8vE,Brazil's Most Famous UFO Cases Confirmed Real By Defense Minister,2026-06-11,true,23,2026-08-07T18:22:30.746829+00:00
08ZHuYQVCHU,Brazil’s Defense Minister Says They’ve Had Alien Contact [AD FREE MEMBERS RELEASE],,false,0,2026-08-07T18:22:36.633209+00:00
PiFbeWfA3LM,“I Was Taken By The UFO Program As a Kid!” [Exclusive Interview],2026-06-16,true,20,2026-08-07T18:23:20.425411+00:00
RBd8nnoWHDU,"Hollywood, The CIA & UFOs: The History Beyond Spielberg",,false,0,2026-08-07T18:23:25.409813+00:00
yJUBSuPh1pM,"Hollywood, The CIA & UFOs: The History Beyond Spielberg",2026-06-20,true,28,2026-08-07T18:24:56.832821+00:00
ScE9FaDy-mE,Spielberg Just Revealed The Truth About Aliens (He Knows!),2026-06-25,true,19,2026-08-07T18:25:38.885992+00:00
A2-y_HasHEw,Congressman Reveals The Alien Brief That Changed The President’s Life,2026-07-02,true,36,2026-08-07T18:27:09.750856+00:00
PO4jm18-Pjw,Congressman Reveals The Alien Brief That Changed The President’s Life | MEMBERS RELEASE,,false,0,2026-08-07T18:27:14.327444+00:00
vajBAEmYzNY,I Debated UFOs With America’s Top Skeptic (It Got Ugly…) | MEMBERS RELEASE,,false,0,2026-08-07T18:27:55.765130+00:00
8Rr_nE65KkI,I Debated UFOs With America’s Top Skeptic (It Got Ugly...),2026-07-09,true,56,2026-08-07T18:30:03.763008+00:00
j2XxfpRuq38,How The UFO Phenomenon Has Engineered Human History,,false,0,2026-08-07T18:30:07.742848+00:00
kccrkCGGzX4,The UFO Cover-Up Leads to One Secret Society — and One Final Event,2026-07-14,true,27,2026-08-07T18:30:46.535296+00:00
6sMkPRVmxtA,Physicist: NASA Is Hiding What's Really on the Moon | MEMBERS RELEASE,,false,0,2026-08-07T18:30:52.068675+00:00
